Peso_Inicial_W0,Peso_Inicial_W1,Peso_Inicial_W2,Peso_Inicial_W3,Peso_Inicial_W4,Peso_Inicial_W5,Peso_Inicial_W6,Peso_Final_W0,Peso_Final_W1,Peso_Final_W2,Peso_Final_W3,Peso_Final_W4,Peso_Final_W5,Peso_Final_W6,Error_Final_Magnitud
21239.28775724819,-8723486.610864954,-809670.1513520617,-1725604.7765567694,3650142.7204707735,-11317019.752239268,-329718.7210032272,10619056.177757243,-4361388495.851267,-404870412.99373716,-864095452.918095,1823777037.6029484,-5657614515.1056595,-164932381.06620395,30266.789675362004
