Peso_Inicial_W0,Peso_Inicial_W1,Peso_Inicial_W2,Peso_Inicial_W3,Peso_Inicial_W4,Peso_Inicial_W5,Peso_Inicial_W6,Peso_Final_W0,Peso_Final_W1,Peso_Final_W2,Peso_Final_W3,Peso_Final_W4,Peso_Final_W5,Peso_Final_W6,Error_Final_Magnitud
0.25075780906696876,1.1115776632851528,0.16320141206663588,1.1471447913814652,-0.12306532667177947,-0.16722911802280258,-0.1702724874274263,0.8261969190845946,-0.36101679826415756,-0.05598462158108578,-0.28593991213421716,0.12454841904587387,-0.6245763164435815,-0.0737558783519867,1.707602382183971
