Peso_Inicial_W0,Peso_Inicial_W1,Peso_Inicial_W2,Peso_Final_W0,Peso_Final_W1,Peso_Final_W2,Error_Final_Magnitud
-1.356398464065691,0.5110084604357987,-0.6539439209652635,-0.156398464065691,1.0110084604357987,0.3460560790347365,0.0
